{"cameraMode":{"drawMode":0,"name":"Shaded","section":"Shading Mode"},"sceneLighting":false,"audioPlay":false,"sceneViewState":{"showFog":true,"showMaterialUpdate":false,"showSkybox":true,"showFlares":true,"showImageEffects":true,"showParticleSystems":true},"in2DMode":false,"pivot":{"x":58.53340530395508,"y":432.8935852050781,"z":-61.58710479736328},"rotation":{"x":-0.055777985602617267,"y":0.009581993333995343,"z":-0.0005354110617190599,"w":-0.9983971118927002},"size":966.5052490234375,"orthographic":false}